Class Name,Registered Name
TileMultipart_cmp$$0,savedMultipart
TileMultipart_cmp$$1,savedMultipart
appeng.parts.layers.LayerIEnergyHandler_TileCableBus,BlockCableBus
appeng.parts.layers.LayerIEnergyHandler_TileCableBusTESR,ClientOnly_TESR_CableBus
appeng.tile.crafting.TileCraftingMonitorTile,BlockCraftingMonitor
appeng.tile.crafting.TileCraftingStorageTile,BlockSingularityCraftingStorage
appeng.tile.crafting.TileCraftingTile,BlockAdvancedCraftingUnit
appeng.tile.crafting.TileMolecularAssembler,BlockMolecularAssembler
appeng.tile.grindstone.TileCrank,BlockCrank
appeng.tile.grindstone.TileGrinder,BlockGrinder
appeng.tile.misc.TileAdvancedInscriber,BlockAdvancedInscriber
appeng.tile.misc.TileCellWorkbench,BlockCellWorkbench
appeng.tile.misc.TileCharger,BlockCharger
appeng.tile.misc.TileCondenser,BlockCondenser
appeng.tile.misc.TileCrystalGrowthChamber,BlockCrystalGrowthChamber
appeng.tile.misc.TileInscriber,BlockInscriber
appeng.tile.misc.TileInterface,BlockInterface
appeng.tile.misc.TileLightDetector,BlockLightDetector
appeng.tile.misc.TilePaint,BlockPaint
appeng.tile.misc.TilePatternOptimizationMatrix,BlockPatternOptimizationMatrix
appeng.tile.misc.TileQuartzGrowthAccelerator,BlockQuartzGrowthAccelerator
appeng.tile.misc.TileSecurity,BlockSecurity
appeng.tile.misc.TileSkyCompass,BlockSkyCompass
appeng.tile.misc.TileStorageReshuffle,BlockStorageReshuffle
appeng.tile.misc.TileSuperMEReplenisher,BlockSuperMEReplenisher
appeng.tile.misc.TileVibrationChamber,BlockVibrationChamber
appeng.tile.networking.TileController,BlockController
appeng.tile.networking.TileCreativeEnergyCell,BlockCreativeEnergyCell
appeng.tile.networking.TileCreativeEnergyController,BlockCreativeEnergyController
appeng.tile.networking.TileDenseEnergyCell,BlockDenseEnergyCell
appeng.tile.networking.TileEnergyAcceptor,BlockEnergyAcceptor
appeng.tile.networking.TileEnergyCell,BlockEnergyCell
appeng.tile.networking.TileWireless,BlockWireless
appeng.tile.networking.TileWirelessConnector,BlockWirelessConnector
appeng.tile.networking.TileWirelessHub,BlockWirelessHub
appeng.tile.qnb.TileQuantumBridge,BlockQuantumLinkChamber
appeng.tile.spatial.TileSpatialIOPort,BlockSpatialIOPort
appeng.tile.spatial.TileSpatialLinkChamber,BlockSpatialLinkChamber
appeng.tile.spatial.TileSpatialNetworkRelay,BlockSpatialNetworkRelay
appeng.tile.spatial.TileSpatialPylon,BlockSpatialPylon
appeng.tile.storage.TileChest,BlockChest
appeng.tile.storage.TileDrive,BlockDrive
appeng.tile.storage.TileIOPort,BlockIOPort
appeng.tile.storage.TileSkyChest,BlockSkyChest
betterquesting.blocks.TileObservationStation,observation_station
betterquesting.blocks.TileSubmitStation,submit_station
blusunrize.immersiveengineering.common.blocks.BlockFakeLight$TileEntityFakeLight,ImmersiveEngineering:FakeLight
blusunrize.immersiveengineering.common.blocks.TileEntityIESlab,ImmersiveEngineering:IESlab
blusunrize.immersiveengineering.common.blocks.cloth.TileEntityBalloon,ImmersiveEngineering:Balloon
blusunrize.immersiveengineering.common.blocks.metal.TileEntityArcFurnace,ImmersiveEngineering:ArcFurnace
blusunrize.immersiveengineering.common.blocks.metal.TileEntityAssembler,ImmersiveEngineering:Assembler
blusunrize.immersiveengineering.common.blocks.metal.TileEntityBlastFurnacePreheater,ImmersiveEngineering:BlastFurnacePreheater
blusunrize.immersiveengineering.common.blocks.metal.TileEntityBottlingMachine,ImmersiveEngineering:BottlingMachine
blusunrize.immersiveengineering.common.blocks.metal.TileEntityBreakerSwitch,ImmersiveEngineering:BreakerSwitch
blusunrize.immersiveengineering.common.blocks.metal.TileEntityBucketWheel,ImmersiveEngineering:BucketWheel
blusunrize.immersiveengineering.common.blocks.metal.TileEntityCapacitorCreative,ImmersiveEngineering:CapacitorCreative
blusunrize.immersiveengineering.common.blocks.metal.TileEntityCapacitorHV,ImmersiveEngineering:CapacitorHV
blusunrize.immersiveengineering.common.blocks.metal.TileEntityCapacitorLV,ImmersiveEngineering:CapacitorLV
blusunrize.immersiveengineering.common.blocks.metal.TileEntityCapacitorMV,ImmersiveEngineering:CapacitorMV
blusunrize.immersiveengineering.common.blocks.metal.TileEntityChargingStation,ImmersiveEngineering:ChargingStation
blusunrize.immersiveengineering.common.blocks.metal.TileEntityConnectorHV,ImmersiveEngineering:ConnectorHV
blusunrize.immersiveengineering.common.blocks.metal.TileEntityConnectorLV,ImmersiveEngineering:ConnectorLV
blusunrize.immersiveengineering.common.blocks.metal.TileEntityConnectorMV,ImmersiveEngineering:ConnectorMV
blusunrize.immersiveengineering.common.blocks.metal.TileEntityConnectorStructural,ImmersiveEngineering:ConnectorStructural
blusunrize.immersiveengineering.common.blocks.metal.TileEntityConveyorBelt,ImmersiveEngineering:ConveyorBelt
blusunrize.immersiveengineering.common.blocks.metal.TileEntityConveyorSorter,ImmersiveEngineering:ConveyorSorter
blusunrize.immersiveengineering.common.blocks.metal.TileEntityCrusher,ImmersiveEngineering:Crusher
blusunrize.immersiveengineering.common.blocks.metal.TileEntityDieselGenerator,ImmersiveEngineering:DieselGenerator
blusunrize.immersiveengineering.common.blocks.metal.TileEntityDynamo,ImmersiveEngineering:Dynamo
blusunrize.immersiveengineering.common.blocks.metal.TileEntityElectricLantern,ImmersiveEngineering:ElectricLantern
blusunrize.immersiveengineering.common.blocks.metal.TileEntityEnergyMeter,ImmersiveEngineering:EnergyMeter
blusunrize.immersiveengineering.common.blocks.metal.TileEntityExcavator,ImmersiveEngineering:Excavator
blusunrize.immersiveengineering.common.blocks.metal.TileEntityFermenter,ImmersiveEngineering:Fermenter
blusunrize.immersiveengineering.common.blocks.metal.TileEntityFloodlight,ImmersiveEngineering:Floodlight
blusunrize.immersiveengineering.common.blocks.metal.TileEntityFluidPipe,ImmersiveEngineering:FluidPipe
blusunrize.immersiveengineering.common.blocks.metal.TileEntityFluidPump,ImmersiveEngineering:FluidPump
blusunrize.immersiveengineering.common.blocks.metal.TileEntityFurnaceHeater,ImmersiveEngineering:FurnaceHeater
blusunrize.immersiveengineering.common.blocks.metal.TileEntityLantern,ImmersiveEngineering:Lantern
blusunrize.immersiveengineering.common.blocks.metal.TileEntityLightningRod,ImmersiveEngineering:LightningRod
blusunrize.immersiveengineering.common.blocks.metal.TileEntityMetalBarrel,ImmersiveEngineering:MetalBarrel
blusunrize.immersiveengineering.common.blocks.metal.TileEntityMetalPress,ImmersiveEngineering:MetalPress
blusunrize.immersiveengineering.common.blocks.metal.TileEntityRedstoneBreaker,ImmersiveEngineering:RedstoneBreaker
blusunrize.immersiveengineering.common.blocks.metal.TileEntityRefinery,ImmersiveEngineering:Refinery
blusunrize.immersiveengineering.common.blocks.metal.TileEntityRelayHV,ImmersiveEngineering:RelayHV
blusunrize.immersiveengineering.common.blocks.metal.TileEntitySampleDrill,ImmersiveEngineering:SampleDrill
blusunrize.immersiveengineering.common.blocks.metal.TileEntitySheetmetalTank,ImmersiveEngineering:SheetmetalTank
blusunrize.immersiveengineering.common.blocks.metal.TileEntitySilo,ImmersiveEngineering:Silo
blusunrize.immersiveengineering.common.blocks.metal.TileEntitySkycrateDispenser,ImmersiveEngineering:SkycrateDispenser
blusunrize.immersiveengineering.common.blocks.metal.TileEntitySqueezer,ImmersiveEngineering:Squeezer
blusunrize.immersiveengineering.common.blocks.metal.TileEntityStructuralArm,ImmersiveEngineering:StructuralArm
blusunrize.immersiveengineering.common.blocks.metal.TileEntityThermoelectricGen,ImmersiveEngineering:ThermoelectricGen
blusunrize.immersiveengineering.common.blocks.metal.TileEntityTransformer,ImmersiveEngineering:Transformer
blusunrize.immersiveengineering.common.blocks.metal.TileEntityTransformerHV,ImmersiveEngineering:TransformerHV
blusunrize.immersiveengineering.common.blocks.metal.TileEntityWallmountMetal,ImmersiveEngineering:WallmountMetal
blusunrize.immersiveengineering.common.blocks.stone.TileEntityBlastFurnace,ImmersiveEngineering:BlastFurnace
blusunrize.immersiveengineering.common.blocks.stone.TileEntityBlastFurnaceAdvanced,ImmersiveEngineering:BlastFurnaceAdvanced
blusunrize.immersiveengineering.common.blocks.stone.TileEntityCokeOven,ImmersiveEngineering:CokeOven
blusunrize.immersiveengineering.common.blocks.wooden.TileEntityModWorkbench,ImmersiveEngineering:ModWorkbench
blusunrize.immersiveengineering.common.blocks.wooden.TileEntityWallmount,ImmersiveEngineering:Wallmount
blusunrize.immersiveengineering.common.blocks.wooden.TileEntityWatermill,ImmersiveEngineering:Watermill
blusunrize.immersiveengineering.common.blocks.wooden.TileEntityWindmill,ImmersiveEngineering:Windmill
blusunrize.immersiveengineering.common.blocks.wooden.TileEntityWindmillAdvanced,ImmersiveEngineering:WindmillAdvanced
blusunrize.immersiveengineering.common.blocks.wooden.TileEntityWoodenBarrel,ImmersiveEngineering:WoodenBarrel
blusunrize.immersiveengineering.common.blocks.wooden.TileEntityWoodenCrate,ImmersiveEngineering:WoodenCrate
blusunrize.immersiveengineering.common.blocks.wooden.TileEntityWoodenPost,ImmersiveEngineering:WoodenPost
codechicken.enderstorage.storage.item.TileEnderChest,Ender Chest
codechicken.enderstorage.storage.liquid.TileEnderTank,Ender Tank
cofh.thermaldynamics.block.TileTDBase,thermaldynamics.Duct
cofh.thermaldynamics.duct.TileStructuralDuct,thermaldynamics.StructuralDuct
cofh.thermaldynamics.duct.energy.TileEnergyDuct,thermaldynamics.FluxDuct
cofh.thermaldynamics.duct.energy.TileEnergyDuctSuper,thermaldynamics.FluxDuctSuperConductor
cofh.thermaldynamics.duct.entity.TileTransportDuct,thermaldynamics.TransportDuct
cofh.thermaldynamics.duct.entity.TileTransportDuctCrossover,thermaldynamics.TransportDuctCrossover
cofh.thermaldynamics.duct.entity.TileTransportDuctLongRange,thermaldynamics.TransportDuctLongRange
cofh.thermaldynamics.duct.fluid.TileFluidDuct,thermaldynamics.FluidDuct
cofh.thermaldynamics.duct.fluid.TileFluidDuctFlux,thermaldynamics.FluidDuctFlux
cofh.thermaldynamics.duct.fluid.TileFluidDuctFragile,thermaldynamics.FluidDuctFragile
cofh.thermaldynamics.duct.fluid.TileFluidDuctSuper,thermaldynamics.FluidDuctSuper
cofh.thermaldynamics.duct.item.TileItemDuct,thermaldynamics.ItemDuct
cofh.thermaldynamics.duct.item.TileItemDuctEnder,thermaldynamics.ItemDuctEnder
cofh.thermaldynamics.duct.item.TileItemDuctFlux,thermaldynamics.ItemDuctFlux
cofh.thermaldynamics.duct.light.TileLightDuct,thermaldynamics.LightDuct
cofh.thermalexpansion.block.cache.TileCache,thermalexpansion.Cache
cofh.thermalexpansion.block.cell.TileCell,thermalexpansion.Cell
cofh.thermalexpansion.block.cell.TileCellCreative,thermalexpansion.CellCreative
cofh.thermalexpansion.block.device.TileActivator,thermalexpansion.Activator
cofh.thermalexpansion.block.device.TileBreaker,thermalexpansion.Breaker
cofh.thermalexpansion.block.device.TileBuffer,thermalexpansion.Buffer
cofh.thermalexpansion.block.device.TileCollector,thermalexpansion.Collector
cofh.thermalexpansion.block.device.TileExtender,thermalexpansion.Extender
cofh.thermalexpansion.block.device.TileNullifier,thermalexpansion.Nullifier
cofh.thermalexpansion.block.device.TileWorkbenchFalse,thermalexpansion.Workbench
cofh.thermalexpansion.block.dynamo.TileDynamoCompression,thermalexpansion.DynamoCompression
cofh.thermalexpansion.block.dynamo.TileDynamoEnervation,thermalexpansion.DynamoEnervation
cofh.thermalexpansion.block.dynamo.TileDynamoMagmatic,thermalexpansion.DynamoMagmatic
cofh.thermalexpansion.block.dynamo.TileDynamoReactant,thermalexpansion.DynamoReactant
cofh.thermalexpansion.block.dynamo.TileDynamoSteam,thermalexpansion.DynamoSteam
cofh.thermalexpansion.block.ender.TileTesseract,thermalexpansion.Tesseract
cofh.thermalexpansion.block.light.TileLight,thermalexpansion.Light
cofh.thermalexpansion.block.light.TileLightFalse,thermalexpansion.LightFalse
cofh.thermalexpansion.block.machine.TileAccumulator,thermalexpansion.Accumulator
cofh.thermalexpansion.block.machine.TileAssembler,thermalexpansion.Assembler
cofh.thermalexpansion.block.machine.TileCharger,thermalexpansion.Charger
cofh.thermalexpansion.block.machine.TileCrucible,thermalexpansion.Crucible
cofh.thermalexpansion.block.machine.TileExtruder,thermalexpansion.Extruder
cofh.thermalexpansion.block.machine.TileFurnace,thermalexpansion.Furnace
cofh.thermalexpansion.block.machine.TileInsolator,thermalexpansion.Insolator
cofh.thermalexpansion.block.machine.TilePrecipitator,thermalexpansion.Precipitator
cofh.thermalexpansion.block.machine.TilePulverizer,thermalexpansion.Pulverizer
cofh.thermalexpansion.block.machine.TileSawmill,thermalexpansion.Sawmill
cofh.thermalexpansion.block.machine.TileSmelter,thermalexpansion.Smelter
cofh.thermalexpansion.block.machine.TileTransposer,thermalexpansion.Transposer
cofh.thermalexpansion.block.plate.TilePlateBase,cofh.thermalexpansion.PlateFrame
cofh.thermalexpansion.block.plate.TilePlateCharge,cofh.thermalexpansion.PlateCharger
cofh.thermalexpansion.block.plate.TilePlateExcursion,cofh.thermalexpansion.PlateExcursion
cofh.thermalexpansion.block.plate.TilePlateImpulse,cofh.thermalexpansion.PlateImpulse
cofh.thermalexpansion.block.plate.TilePlateSignal,cofh.thermalexpansion.PlateSignal
cofh.thermalexpansion.block.plate.TilePlateTeleporter,cofh.thermalexpansion.PlateTeleporter
cofh.thermalexpansion.block.plate.TilePlateTranslocate,cofh.thermalexpansion.PlateTranslocate
cofh.thermalexpansion.block.sponge.TileSponge,thermalexpansion.Sponge
cofh.thermalexpansion.block.sponge.TileSpongeCreative,thermalexpansion.SpongeCreative
cofh.thermalexpansion.block.sponge.TileSpongeMagmatic,thermalexpansion.SpongeMagmatic
cofh.thermalexpansion.block.strongbox.TileStrongbox,thermalexpansion.Strongbox
cofh.thermalexpansion.block.strongbox.TileStrongboxCreative,thermalexpansion.StrongboxCreative
cofh.thermalexpansion.block.tank.TileTank,thermalexpansion.Tank
cofh.thermalexpansion.block.tank.TileTankCreative,thermalexpansion.TankCreative
cofh.thermalexpansion.block.workbench.TileWorkbench,thermalexpansion.NewWorkbench
cofh.thermalexpansion.block.workbench.TileWorkbenchCreative,thermalexpansion.WorkbenchCreative
com.brandon3055.draconicevolution.common.tileentities.TileCKeyStone,draconicevolution:TileCKeyStone
com.brandon3055.draconicevolution.common.tileentities.TileChaosShard,draconicevolution:TileChaosShard
com.brandon3055.draconicevolution.common.tileentities.TileCustomSpawner,draconicevolution:TileCustomSpawner
com.brandon3055.draconicevolution.common.tileentities.TileDislocatorInhibitor,draconicevolution:TileDislocatorInhibitor
com.brandon3055.draconicevolution.common.tileentities.TileDissEnchanter,draconicevolution:TileDissEnchanter
com.brandon3055.draconicevolution.common.tileentities.TileDraconiumChest,draconicevolution:TileDraconiumChest
com.brandon3055.draconicevolution.common.tileentities.TileEnergyInfuser,draconicevolution:TileEnergyInfuser
com.brandon3055.draconicevolution.common.tileentities.TileGenerator,draconicevolution:TileGenerator
com.brandon3055.draconicevolution.common.tileentities.TileGrinder,draconicevolution:TileGrinder
com.brandon3055.draconicevolution.common.tileentities.TileParticleGenerator,draconicevolution:TileParticleGenerator
com.brandon3055.draconicevolution.common.tileentities.TilePlacedItem,draconicevolution:TilePlacedItem
com.brandon3055.draconicevolution.common.tileentities.TilePlayerDetector,draconicevolution:TilePlayerDetector
com.brandon3055.draconicevolution.common.tileentities.TilePlayerDetectorAdvanced,draconicevolution:TilePlayerDetectorAdvanced
com.brandon3055.draconicevolution.common.tileentities.TilePotentiometer,draconicevolution:TilePotentiometer
com.brandon3055.draconicevolution.common.tileentities.TileSunDial,draconicevolution:TileSunDial
com.brandon3055.draconicevolution.common.tileentities.TileTeleporterStand,draconicevolution:TileTeleporterStand
com.brandon3055.draconicevolution.common.tileentities.TileUpgradeModifier,draconicevolution:TileEnhancementModifier
com.brandon3055.draconicevolution.common.tileentities.TileWeatherController,draconicevolution:TileWeatherController
com.brandon3055.draconicevolution.common.tileentities.energynet.TileEnergyRelay,draconicevolution:TileEnergyRelay
com.brandon3055.draconicevolution.common.tileentities.energynet.TileEnergyTransceiver,draconicevolution:TileEnergyTransceiver
com.brandon3055.draconicevolution.common.tileentities.energynet.TileWirelessEnergyTransceiver,draconicevolution:TileWirelessEnergyTransceiver
com.brandon3055.draconicevolution.common.tileentities.gates.TileFluidGate,draconicevolution:TileFluidGate
com.brandon3055.draconicevolution.common.tileentities.gates.TileFluxGate,draconicevolution:TileFluxGate
com.brandon3055.draconicevolution.common.tileentities.multiblocktiles.TileDislocatorReceptacle,draconicevolution:TileDislocatorReceptacle
com.brandon3055.draconicevolution.common.tileentities.multiblocktiles.TileEarth,draconicevolution:TileEarth
com.brandon3055.draconicevolution.common.tileentities.multiblocktiles.TileEnderResurrection,draconicevolution:TileEnderResurrection
com.brandon3055.draconicevolution.common.tileentities.multiblocktiles.TileEnergyPylon,draconicevolution:TileEnergyPylon
com.brandon3055.draconicevolution.common.tileentities.multiblocktiles.TileEnergyStorageCore,draconicevolution:TileEnergyStorageCore
com.brandon3055.draconicevolution.common.tileentities.multiblocktiles.TileInvisibleMultiblock,draconicevolution:TileInvisibleMultiblock
com.brandon3055.draconicevolution.common.tileentities.multiblocktiles.TilePortalBlock,draconicevolution:TilePortalBlock
com.brandon3055.draconicevolution.common.tileentities.multiblocktiles.reactor.TileReactorCore,draconicevolution:TileReactorCore
com.brandon3055.draconicevolution.common.tileentities.multiblocktiles.reactor.TileReactorEnergyInjector,draconicevolution:TileReactorEnergyInjector
com.brandon3055.draconicevolution.common.tileentities.multiblocktiles.reactor.TileReactorStabilizer,draconicevolution:TileReactorStabilizer
com.github.vfyjxf.nee.block.tile.TilePatternInterface,neenergistics.tile.pattern_interface
com.glodblock.github.common.tile.TileCertusQuartzTank,certus_quartz_tank
com.glodblock.github.common.tile.TileFluidAutoFiller,fluid_auto_filler
com.glodblock.github.common.tile.TileFluidBuffer,fluid_buffer
com.glodblock.github.common.tile.TileFluidInterface,fluid_interface
com.glodblock.github.common.tile.TileFluidPacketDecoder,fluid_packet_decoder
com.glodblock.github.common.tile.TileFluidPatternEncoder,fluid_pattern_encoder
com.glodblock.github.common.tile.TileIngredientBuffer,ingredient_buffer
com.glodblock.github.common.tile.TileLargeIngredientBuffer,large_ingredient_buffer
com.glodblock.github.common.tile.TileLevelMaintainer,level_maintainer
com.glodblock.github.common.tile.TileSuperStockReplenisher,super_stock_replenisher
com.glodblock.github.common.tile.TileWalrus,walrus
com.insane.simplelabels.tile.TileLabel,TileLabel
com.jaquadro.minecraft.storagedrawers.block.tile.TileEntityController,StorageDrawers:tileController
com.jaquadro.minecraft.storagedrawers.block.tile.TileEntityDrawersComp,StorageDrawers:tileDrawersComp
com.jaquadro.minecraft.storagedrawers.block.tile.TileEntityDrawersStandard,StorageDrawers:tileDrawersStandard
com.jaquadro.minecraft.storagedrawers.block.tile.TileEntityFramingTable,StorageDrawers:framingTable
com.jaquadro.minecraft.storagedrawers.block.tile.TileEntitySlave,StorageDrawers:tileControllerSlave
com.jaquadro.minecraft.storagedrawers.block.tile.TileEntityTrim,StorageDrawers:trim
com.mark719.magicalcrops.furnace.TileEntityAccioFurnace,TileEntityAccioFurnace
com.mark719.magicalcrops.furnace.TileEntityCrucioFurnace,TileEntityCrucioFurnace
com.mark719.magicalcrops.furnace.TileEntityImperioFurnace,TileEntityImperioFurnace
com.mark719.magicalcrops.furnace.TileEntityUltimateFurnace,TileEntityUltimateFurnace
com.mark719.magicalcrops.furnace.TileEntityZivicioFurnace,TileEntityZivicioFurnace
com.pam.harvestcraft.TileEntityChurn,PamChurn
com.pam.harvestcraft.TileEntityMarket,PamMarket
com.pam.harvestcraft.TileEntityOven,PamOven
com.pam.harvestcraft.TileEntityPamAnimalTrap,PamAnimalTrap
com.pam.harvestcraft.TileEntityPamApiary,PamApiary
com.pam.harvestcraft.TileEntityPamFishTrap,PamFishTrap
com.pam.harvestcraft.TileEntityPamGrinder,PamGrinder
com.pam.harvestcraft.TileEntityPamPresser,PamPresser
com.pam.harvestcraft.TileEntityQuern,PamQuern
com.rwtema.extrautils.tileentity.TileEntityAntiMobTorch,TileEntityAntiMobTorch
com.rwtema.extrautils.tileentity.TileEntityBUD,TileEntityBUD
com.rwtema.extrautils.tileentity.TileEntityBlockColorData,TileEntityBlockColorData
com.rwtema.extrautils.tileentity.TileEntityDrum,drum
com.rwtema.extrautils.tileentity.TileEntityEnchantedSpike,TileEntityEnchantedSpike
com.rwtema.extrautils.tileentity.TileEntityEnderThermicLavaPump,enderPump
com.rwtema.extrautils.tileentity.TileEntityFilingCabinet,TileEntityFilingCabinet
com.rwtema.extrautils.tileentity.TileEntityPortal,TileEntityPortal
com.rwtema.extrautils.tileentity.TileEntityRainMuffler,TileEntityRainMuffler
com.rwtema.extrautils.tileentity.TileEntitySoundMuffler,TileEntitySoundMuffler
com.rwtema.extrautils.tileentity.TileEntityTradingPost,TileEntityTradingPost
com.rwtema.extrautils.tileentity.TileEntityTrashCan,TileEntityTrashCan
com.rwtema.extrautils.tileentity.TileEntityTrashCanEnergy,TileEntityTrashCanEnergy
com.rwtema.extrautils.tileentity.TileEntityTrashCanFluids,TileEntityTrashCanFluids
com.rwtema.extrautils.tileentity.chests.TileFullChest,TileFullChest
com.rwtema.extrautils.tileentity.chests.TileMiniChest,TileMiniChest
com.rwtema.extrautils.tileentity.endercollector.TileEnderCollector,TileEnderCollector
com.rwtema.extrautils.tileentity.enderconstructor.TileEnderConstructor,TileEnderConstructor
com.rwtema.extrautils.tileentity.enderconstructor.TileEnderPillar,TileEnderPillar
com.rwtema.extrautils.tileentity.enderquarry.TileEntityEnderMarker,TileEntityEnderMarker
com.rwtema.extrautils.tileentity.enderquarry.TileEntityEnderQuarry,enderQuarry
com.rwtema.extrautils.tileentity.generators.TileEntityGeneratorEnder,extrautils:generatorender
com.rwtema.extrautils.tileentity.generators.TileEntityGeneratorFood,extrautils:generatorfood
com.rwtema.extrautils.tileentity.generators.TileEntityGeneratorFurnace,extrautils:generatorbase
com.rwtema.extrautils.tileentity.generators.TileEntityGeneratorFurnaceOverClocked,extrautils:generatoroverclocked
com.rwtema.extrautils.tileentity.generators.TileEntityGeneratorFurnaceSurvival,extrautils:generatorstone
com.rwtema.extrautils.tileentity.generators.TileEntityGeneratorMagma,extrautils:generatorlava
com.rwtema.extrautils.tileentity.generators.TileEntityGeneratorNether,extrautils:generatornether
com.rwtema.extrautils.tileentity.generators.TileEntityGeneratorPink,extrautils:generatorpink
com.rwtema.extrautils.tileentity.generators.TileEntityGeneratorPotion,extrautils:generatorpotion
com.rwtema.extrautils.tileentity.generators.TileEntityGeneratorRedFlux,extrautils:generatorredflux
com.rwtema.extrautils.tileentity.generators.TileEntityGeneratorSolar,extrautils:generatorsolar
com.rwtema.extrautils.tileentity.generators.TileEntityGeneratorTNT,extrautils:generatortnt
com.rwtema.extrautils.tileentity.transfernodes.TileEntityFilterPipe,TileEntityFilterPipe
com.rwtema.extrautils.tileentity.transfernodes.TileEntityRetrievalNodeInventory,TileEntityRetrievalNodeInventory
com.rwtema.extrautils.tileentity.transfernodes.TileEntityRetrievalNodeLiquid,TileEntityRetrievalNodeLiquid
com.rwtema.extrautils.tileentity.transfernodes.TileEntityTransferNodeEnergy,TileEntityTransferNodeEnergy
com.rwtema.extrautils.tileentity.transfernodes.TileEntityTransferNodeHyperEnergy,TileEntityTransferNodeHyperEnergy
com.rwtema.extrautils.tileentity.transfernodes.TileEntityTransferNodeInventory,TileEntityTransferNodeInventory
com.rwtema.extrautils.tileentity.transfernodes.TileEntityTransferNodeLiquid,TileEntityTransferNodeLiquid
cpw.mods.ironchest.TileEntityCopperChest,IronChest.COPPER
cpw.mods.ironchest.TileEntityCrystalChest,IronChest.CRYSTAL
cpw.mods.ironchest.TileEntityDarkSteelChest,IronChest.DARKSTEEL
cpw.mods.ironchest.TileEntityDiamondChest,IronChest.DIAMOND
cpw.mods.ironchest.TileEntityDirtChest,IronChest.DIRTCHEST9000
cpw.mods.ironchest.TileEntityGoldChest,IronChest.GOLD
cpw.mods.ironchest.TileEntityIronChest,IronChest.IRON
cpw.mods.ironchest.TileEntityNetheriteChest,IronChest.NETHERITE
cpw.mods.ironchest.TileEntityObsidianChest,IronChest.OBSIDIAN
cpw.mods.ironchest.TileEntitySilverChest,IronChest.SILVER
cpw.mods.ironchest.TileEntitySteelChest,IronChest.STEEL
crazypants.enderio.block.TileEntityDarkSteelPressurePlate,blockDarkSteelPressurePlateTileEntity
crazypants.enderio.conduit.TileConduitBundle,blockConduitBundleTileEntity
crazypants.enderio.enderface.TileEnderIO,blockEnderIoTileEntity
crazypants.enderio.item.skull.TileEndermanSkull,blockEndermanSkullTileEntity
crazypants.enderio.machine.alloy.TileAlloySmelter,blockAlloySmelterTileEntity
crazypants.enderio.machine.buffer.TileBuffer,blockBufferTileEntity
crazypants.enderio.machine.capbank.TileCapBank,blockCapBankTileEntity
crazypants.enderio.machine.crafter.TileCrafter,blockCrafterTileEntity
crazypants.enderio.machine.crusher.TileCrusher,blockSagMillTileEntity
crazypants.enderio.machine.enchanter.TileEnchanter,blockEnchanterTileEntity
crazypants.enderio.machine.farm.TileFarmStation,blockFarmStationTileEntity
crazypants.enderio.machine.generator.combustion.TileCombustionGenerator,blockCombustionGeneratorTileEntity
crazypants.enderio.machine.generator.stirling.TileEntityStirlingGenerator,blockStirlingGeneratorTileEntity
crazypants.enderio.machine.generator.zombie.TileZombieGenerator,blockZombieGeneratorTileEntity
crazypants.enderio.machine.generator.zombie.TileZombieGenerator$TileEnderGenerator,blockEnderGeneratorTileEntity
crazypants.enderio.machine.generator.zombie.TileZombieGenerator$TileFrankenZombieGenerator,blockFrankenzombieGeneratorTileEntity
crazypants.enderio.machine.hypercube.TileHyperCube,blockHyperCubeTileEntity
crazypants.enderio.machine.invpanel.TileInventoryPanel,blockInventoryPanelTileEntity
crazypants.enderio.machine.killera.TileKillerJoe,blockKillerJoeTileEntity
crazypants.enderio.machine.light.TileElectricLight,blockElectricLightTileEntity
crazypants.enderio.machine.light.TileLightNode,blockLightNodeTileEntity
crazypants.enderio.machine.monitor.TilePowerMonitor,blockPowerMonitorTileEntity
crazypants.enderio.machine.obelisk.attractor.TileAttractor,blockAttractorTileEntity
crazypants.enderio.machine.obelisk.aversion.TileAversionObelisk,blockSpawnGuardTileEntity
crazypants.enderio.machine.obelisk.inhibitor.TileInhibitorObelisk,blockInhibitorObeliskTileEntity
crazypants.enderio.machine.obelisk.weather.TileWeatherObelisk,blockWeatherObeliskTileEntity
crazypants.enderio.machine.obelisk.xp.TileExperienceObelisk,blockExperienceObeliskTileEntity
crazypants.enderio.machine.painter.TileEntityPaintedBlock,blockFusedQuartzTileEntity
crazypants.enderio.machine.painter.TileEntityPaintedSlab,blockPaintedDoubleSlabTileEntity
crazypants.enderio.machine.painter.TileEntityPainter,blockPainterTileEntity
crazypants.enderio.machine.reservoir.TileReservoir,blockReservoirTileEntity
crazypants.enderio.machine.slicensplice.TileSliceAndSplice,blockSliceAndSpliceTileEntity
crazypants.enderio.machine.solar.TileEntitySolarPanel,blockSolarPanelTileEntity
crazypants.enderio.machine.soul.TileSoulBinder,blockSoulBinderTileEntity
crazypants.enderio.machine.spawner.TilePoweredSpawner,blockPoweredSpawnerTileEntity
crazypants.enderio.machine.tank.TileTank,blockTankTileEntity
crazypants.enderio.machine.transceiver.TileTransceiver,blockTransceiverTileEntity
crazypants.enderio.machine.vacuum.TileVacuumChest,blockVacuumChestTileEntity
crazypants.enderio.machine.vat.TileVat,blockVatTileEntity
crazypants.enderio.machine.wireless.TileWirelessCharger,blockWirelessChargerTileEntity
crazypants.enderio.teleport.anchor.TileTravelAnchor,blockTravelAnchorTileEntity
crazypants.enderio.teleport.telepad.TileTelePad,blockTelePadTileEntity
cubex2.cs3.tileentity.TileEntityCS,cs3_normal
cubex2.cs3.tileentity.TileEntityInventory,cs3_inventory
erogenousbeef.bigreactors.common.multiblock.tileentity.TileEntityReactorAccessPort,BRReactorAccessPort
erogenousbeef.bigreactors.common.multiblock.tileentity.TileEntityReactorComputerPort,BRReactorComputerPort
erogenousbeef.bigreactors.common.multiblock.tileentity.TileEntityReactorControlRod,BRReactorControlRod
erogenousbeef.bigreactors.common.multiblock.tileentity.TileEntityReactorCoolantPort,BRReactorCoolantPort
erogenousbeef.bigreactors.common.multiblock.tileentity.TileEntityReactorFuelRod,BRFuelRod
erogenousbeef.bigreactors.common.multiblock.tileentity.TileEntityReactorGlass,BRReactorGlass
erogenousbeef.bigreactors.common.multiblock.tileentity.TileEntityReactorPart,BRReactorPart
erogenousbeef.bigreactors.common.multiblock.tileentity.TileEntityReactorPowerTap,BRReactorPowerTap
erogenousbeef.bigreactors.common.multiblock.tileentity.TileEntityReactorRedNetPort,BRReactorRedNetPort
erogenousbeef.bigreactors.common.multiblock.tileentity.TileEntityReactorRedstonePort,BRReactorRedstonePort
erogenousbeef.bigreactors.common.multiblock.tileentity.TileEntityTurbineComputerPort,BRTurbineComputerPort
erogenousbeef.bigreactors.common.multiblock.tileentity.TileEntityTurbineFluidPort,BRTurbineFluidPort
erogenousbeef.bigreactors.common.multiblock.tileentity.TileEntityTurbinePartGlass,BRTurbineGlass
erogenousbeef.bigreactors.common.multiblock.tileentity.TileEntityTurbinePartStandard,BRTurbinePart
erogenousbeef.bigreactors.common.multiblock.tileentity.TileEntityTurbinePowerTap,BRTurbinePowerTap
erogenousbeef.bigreactors.common.multiblock.tileentity.TileEntityTurbineRotorBearing,BRTurbineRotorBearing
erogenousbeef.bigreactors.common.multiblock.tileentity.TileEntityTurbineRotorPart,BRTurbineRotorPart
erogenousbeef.bigreactors.common.multiblock.tileentity.creative.TileEntityReactorCreativeCoolantPort,BRReactorCreativeCoolantPort
erogenousbeef.bigreactors.common.multiblock.tileentity.creative.TileEntityTurbineCreativeSteamGenerator,BRTurbineCreativeSteamGenerator
erogenousbeef.bigreactors.common.tileentity.TileEntityCyaniteReprocessor,BRCyaniteReprocessor
exnihilo.blocks.tileentities.TileEntityBarrel,tile.exnihilo.barrel_stone
exnihilo.blocks.tileentities.TileEntityBeeTrap,exnihilo.bee_trap_treated
exnihilo.blocks.tileentities.TileEntityCrucible,tile.exnihilo.crucible
exnihilo.blocks.tileentities.TileEntityCrucibleUnfired,tile.exnihilo.crucible_unfired
exnihilo.blocks.tileentities.TileEntityLeavesInfested,tile.exnihilo.infested_leaves
exnihilo.blocks.tileentities.TileEntitySieve,exnihilo.sifting_table
extracells.tileentity.TileEntityCertusTank,tileEntityCertusTank
extracells.tileentity.TileEntityCraftingStorage,tileEntityCraftingStorage
extracells.tileentity.TileEntityFluidCrafter,tileEntityFluidCrafter
extracells.tileentity.TileEntityFluidFiller,tileEntityFluidFiller
extracells.tileentity.TileEntityFluidInterface,tileEntityFluidInterface
extracells.tileentity.TileEntityHardMeDrive,tileEntityHardMEDrive
extracells.tileentity.TileEntityVibrationChamberFluid,tileEntityVibrationChamberFluid
extracells.tileentity.TileEntityWalrus,tileEntityWalrus
fox.spiteful.avaritia.compat.botania.TileInfinitato,Avaritia_Infinitato
fox.spiteful.avaritia.tile.TileEntityCompressor,Avaritia_Compressor
fox.spiteful.avaritia.tile.TileEntityDireCrafting,Avaritia_Dire_Craft
fox.spiteful.avaritia.tile.TileEntityNeutron,Avaritia_Neutron
fox.spiteful.avaritia.tile.TileMatterClusterOpener,cluster_opener
gcewing.projectblue.mfr.RednetAdaptorTE,gcewing.projectblue.mfr.RednetAdaptorTE
hardcorequesting.tileentity.TileEntityBarrel,ItemBarrel
hardcorequesting.tileentity.TileEntityPortal,QuestPortal
hardcorequesting.tileentity.TileEntityTracker,QuestTracker
iguanaman.iguanatweakstconstruct.mobheads.tileentities.IguanaSkullTileEntity,skullTE
io.endertech.multiblock.tile.TileTankController,tile.endertech.enderTankController
io.endertech.multiblock.tile.TileTankEnergyInput,tile.endertech.enderTankEnergyInput
io.endertech.multiblock.tile.TileTankGlass,tile.endertech.multiblockGlass
io.endertech.multiblock.tile.TileTankPart,tile.endertech.enderTankPart
io.endertech.multiblock.tile.TileTankValve,tile.endertech.enderTankValve
io.endertech.tile.TileChargePad,tile.chargePad
io.endertech.tile.TileHealthPad,tile.healthPad
jds.bibliocraft.tileentities.TileEntityArmorStand,ArmorStandTile
jds.bibliocraft.tileentities.TileEntityBell,biblioBellTile
jds.bibliocraft.tileentities.TileEntityBookcase,BookcaseTile
jds.bibliocraft.tileentities.TileEntityClipboard,biblioClipboardTile
jds.bibliocraft.tileentities.TileEntityClock,biblioClockTile
jds.bibliocraft.tileentities.TileEntityCookieJar,CookieJarTile
jds.bibliocraft.tileentities.TileEntityDinnerPlate,dinnerPlateTile
jds.bibliocraft.tileentities.TileEntityDiscRack,discRackTile
jds.bibliocraft.tileentities.TileEntityFancySign,fancySignTile
jds.bibliocraft.tileentities.TileEntityFancyWorkbench,fancyWorkbenchTile
jds.bibliocraft.tileentities.TileEntityFramedChest,biblioChestTile
jds.bibliocraft.tileentities.TileEntityFurniturePaneler,biblioPanelerTile
jds.bibliocraft.tileentities.TileEntityGenericShelf,GenericShelfTile
jds.bibliocraft.tileentities.TileEntityLabel,WoodLabelTile
jds.bibliocraft.tileentities.TileEntityLamp,LampTile
jds.bibliocraft.tileentities.TileEntityLantern,LanternTile
jds.bibliocraft.tileentities.TileEntityMapFrame,mapFrameTile
jds.bibliocraft.tileentities.TileEntityMarkerPole,markerTile
jds.bibliocraft.tileentities.TileEntityPaintPress,biblioPaintPressTile
jds.bibliocraft.tileentities.TileEntityPainting,biblioPaintingTile
jds.bibliocraft.tileentities.TileEntityPotionShelf,PotionShelfTile
jds.bibliocraft.tileentities.TileEntityPrintPress,PrintPressTile
jds.bibliocraft.tileentities.TileEntitySeat,seatTile
jds.bibliocraft.tileentities.TileEntitySwordPedestal,swordPedTile
jds.bibliocraft.tileentities.TileEntityTable,TableTile
jds.bibliocraft.tileentities.TileEntityTypeMachine,TypeMachineTile
jds.bibliocraft.tileentities.TileEntityTypewriter,biblioTypewriterTile
jds.bibliocraft.tileentities.TileEntityWeaponCase,WeaponCaseTile
jds.bibliocraft.tileentities.TileEntityWeaponRack,ToolRackTile
jds.bibliocraft.tileentities.TileEntityWritingDesk,WritingDeskTile
loenwind.enderioaddons.machine.cobbleworks.TileCobbleworks,blockCobbleworksTileEntity
loenwind.enderioaddons.machine.drain.TileDrain,blockDrainTileEntity
loenwind.enderioaddons.machine.flag.TileFlag,blockFlagTileEntity
loenwind.enderioaddons.machine.ihopper.TileIHopper,blockIHopperTileEntity
loenwind.enderioaddons.machine.magcharger.TileMagCharger,blockMagChargerTileEntity
loenwind.enderioaddons.machine.niard.TileNiard,blockNiardTileEntity
loenwind.enderioaddons.machine.pmon.TilePMon,blockPMonTileEntity
loenwind.enderioaddons.machine.tcom.TileTcom,blockTcomTileEntity
loenwind.enderioaddons.machine.voidtank.TileVoidTank,blockVoidTankTileEntity
loenwind.enderioaddons.machine.waterworks.TileWaterworks,blockWaterworksTileEntity
mantle.blocks.abstracts.MultiServantLogic,TConstruct.Servants
mapeper.ticonautotoolstation.AutoToolStationTileEntity,ats_autotoolstationTile
mcp.mobius.betterbarrels.common.blocks.TileEntityBarrel,TileEntityBarrel
mods.immibis.redlogic.InvalidTile,immibis.redlogic.invalid
mods.immibis.redlogic.array.ArrayCellTile,immibis.redlogic.array
mods.immibis.redlogic.array.BundledCrossoverTile,immibis.redlogic.bundled_crossover
mods.immibis.redlogic.chips.ingame.TileChipCompiler,immibis.redlogic.chipcompiler
mods.immibis.redlogic.chips.ingame.TileChipFabricator,immibis.redlogic.chipfabricator
mods.immibis.redlogic.chips.ingame.TileChipScanner,immibis.redlogic.chipscanner
mods.immibis.redlogic.chips.ingame.TileCustomCircuit,immibis.redlogic.circuit
mods.immibis.redlogic.chips.ingame.TileIOMarker,immibis.redlogic.chipiomarker
mods.immibis.redlogic.gates.GateTile,immibis.redlogic.gate
mods.immibis.redlogic.interaction.TileLumarButton,immibis.redlogic.button
mods.immibis.redlogic.lamps.TileLampNonCube,immibis.redlogic.lamp
mods.immibis.redlogic.wires.BundledTile,immibis.redlogic.wire.bundled
mods.immibis.redlogic.wires.InsulatedRedAlloyTile,immibis.redlogic.wire.insulated
mods.immibis.redlogic.wires.PlainRedAlloyTile,immibis.redlogic.wire.redalloy
mrtjp.mcframes.TileMotor,tile.mcframes.motor|0
mrtjp.projectred.expansion.TileAutoCrafter,tile.projectred.expansion.machine2|11
mrtjp.projectred.expansion.TileBatteryBox,tile.projectred.expansion.machine2|5
mrtjp.projectred.expansion.TileBlockBreaker,tile.projectred.expansion.machine2|0
mrtjp.projectred.expansion.TileBlockPlacer,tile.projectred.expansion.machine2|2
mrtjp.projectred.expansion.TileChargingBench,tile.projectred.expansion.machine2|6
mrtjp.projectred.expansion.TileDiamondBlockBreaker,tile.projectred.expansion.machine2|12
mrtjp.projectred.expansion.TileElectrotineGenerator,tile.projectred.expansion.machine1|1
mrtjp.projectred.expansion.TileFilteredImporter,tile.projectred.expansion.machine2|3
mrtjp.projectred.expansion.TileFireStarter,tile.projectred.expansion.machine2|4
mrtjp.projectred.expansion.TileFrameActuator,tile.projectred.expansion.machine2|9
mrtjp.projectred.expansion.TileFrameMotor,tile.projectred.expansion.machine2|8
mrtjp.projectred.expansion.TileInductiveFurnace,tile.projectred.expansion.machine1|0
mrtjp.projectred.expansion.TileItemImporter,tile.projectred.expansion.machine2|1
mrtjp.projectred.expansion.TileProjectBench,tile.projectred.expansion.machine2|10
mrtjp.projectred.expansion.TileTeleposer,tile.projectred.expansion.machine2|7
mrtjp.projectred.exploration.TileBarrel,tile.projectred.exploration.barrel|0
mrtjp.projectred.exploration.TileLily,tile.projectred.exploration.lily|0
mrtjp.projectred.fabrication.TileICPrinter,tile.projectred.integration.icblock|1
mrtjp.projectred.fabrication.TileICWorkbench,tile.projectred.integration.icblock|0
mrtjp.projectred.illumination.TileAirousLight,tile.projectred.illumination.airousLight
mrtjp.projectred.illumination.TileLamp,tile.projectred.illumination.lamp|0
mrtjp.relocation.TileMovingRow,tile.relocation.blockmovingrow|0
net.bdew.ae2stuff.machines.encoder.TileEncoder,ae2stuff.Encoder
net.bdew.ae2stuff.machines.grower.TileGrower,ae2stuff.Grower
net.bdew.ae2stuff.machines.inscriber.TileInscriber,ae2stuff.Inscriber
net.bdew.ae2stuff.machines.wireless.TileWireless,ae2stuff.Wireless
net.blay09.mods.cookingforblockheads.tile.TileCabinet,cookingforblockheads:cabinet
net.blay09.mods.cookingforblockheads.tile.TileCabinetCorner,cookingforblockheads:cabinetcorner
net.blay09.mods.cookingforblockheads.tile.TileCookingTable,cookingforblockheads:cookingtable
net.blay09.mods.cookingforblockheads.tile.TileCounter,cookingforblockheads:counter
net.blay09.mods.cookingforblockheads.tile.TileCounterCorner,cookingforblockheads:countercorner
net.blay09.mods.cookingforblockheads.tile.TileFridge,cookingforblockheads:fridge
net.blay09.mods.cookingforblockheads.tile.TileOven,cookingforblockheads:cookingoven
net.blay09.mods.cookingforblockheads.tile.TileSink,cookingforblockheads:sink
net.blay09.mods.cookingforblockheads.tile.TileToaster,cookingforblockheads:toaster
net.blay09.mods.cookingforblockheads.tile.TileToolRack,cookingforblockheads:toolrack
net.minecraft.block.BlockJukebox$TileEntityJukebox,RecordPlayer
net.minecraft.tileentity.TileEntityBeacon,Beacon
net.minecraft.tileentity.TileEntityBrewingStand,Cauldron
net.minecraft.tileentity.TileEntityChest,Chest
net.minecraft.tileentity.TileEntityCommandBlock,Control
net.minecraft.tileentity.TileEntityComparator,Comparator
net.minecraft.tileentity.TileEntityDaylightDetector,DLDetector
net.minecraft.tileentity.TileEntityDispenser,Trap
net.minecraft.tileentity.TileEntityDropper,Dropper
net.minecraft.tileentity.TileEntityEnchantmentTable,EnchantTable
net.minecraft.tileentity.TileEntityEndPortal,Airportal
net.minecraft.tileentity.TileEntityEnderChest,EnderChest
net.minecraft.tileentity.TileEntityFlowerPot,FlowerPot
net.minecraft.tileentity.TileEntityFurnace,Furnace
net.minecraft.tileentity.TileEntityHopper,Hopper
net.minecraft.tileentity.TileEntityMobSpawner,MobSpawner
net.minecraft.tileentity.TileEntityNote,Music
net.minecraft.tileentity.TileEntityPiston,Piston
net.minecraft.tileentity.TileEntitySign,Sign
net.minecraft.tileentity.TileEntitySkull,Skull
openblocks.common.tileentity.TileEntityAutoAnvil,openblocks_autoanvil
openblocks.common.tileentity.TileEntityAutoEnchantmentTable,openblocks_autoenchantmenttable
openblocks.common.tileentity.TileEntityBearTrap,openblocks_beartrap
openblocks.common.tileentity.TileEntityBigButton,openblocks_bigbutton
openblocks.common.tileentity.TileEntityBlockBreaker,openblocks_blockbreaker
openblocks.common.tileentity.TileEntityBlockPlacer,openblocks_blockPlacer
openblocks.common.tileentity.TileEntityBuilderGuide,openblocks_builder_guide
openblocks.common.tileentity.TileEntityCannon,openblocks_cannon
openblocks.common.tileentity.TileEntityCanvas,openblocks_canvasglass
openblocks.common.tileentity.TileEntityDonationStation,openblocks_donationStation
openblocks.common.tileentity.TileEntityDrawingTable,openblocks_drawingtable
openblocks.common.tileentity.TileEntityElevatorRotating,openblocks_elevator_rotating
openblocks.common.tileentity.TileEntityFan,openblocks_fan
openblocks.common.tileentity.TileEntityFlag,openblocks_flag
openblocks.common.tileentity.TileEntityGoldenEgg,openblocks_goldenegg
openblocks.common.tileentity.TileEntityGrave,openblocks_grave
openblocks.common.tileentity.TileEntityGuide,openblocks_guide
openblocks.common.tileentity.TileEntityHealBlock,openblocks_heal
openblocks.common.tileentity.TileEntityImaginary,openblocks_imaginary
openblocks.common.tileentity.TileEntityItemDropper,openblocks_itemDropper
openblocks.common.tileentity.TileEntityPaintCan,openblocks_paintcan
openblocks.common.tileentity.TileEntityPaintMixer,openblocks_paintmixer
openblocks.common.tileentity.TileEntityProjector,openblocks_projector
openblocks.common.tileentity.TileEntitySky,openblocks_sky
openblocks.common.tileentity.TileEntitySprinkler,openblocks_sprinkler
openblocks.common.tileentity.TileEntityTank,openblocks_tank
openblocks.common.tileentity.TileEntityTarget,openblocks_target
openblocks.common.tileentity.TileEntityTrophy,openblocks_trophy
openblocks.common.tileentity.TileEntityVacuumHopper,openblocks_vacuumhopper
openblocks.common.tileentity.TileEntityVillageHighlighter,openblocks_village_highlighter
openblocks.common.tileentity.TileEntityXPBottler,openblocks_xpbottler
openblocks.common.tileentity.TileEntityXPDrain,openblocks_xpdrain
openblocks.common.tileentity.TileEntityXPShower,openblocks_xpshower
powercrystals.minefactoryreloaded.tile.machine.TileEntityAutoAnvil,factoryAutoAnvil
powercrystals.minefactoryreloaded.tile.machine.TileEntityAutoBrewer,factoryAutoBrewer
powercrystals.minefactoryreloaded.tile.machine.TileEntityAutoDisenchanter,factoryAutoDisenchanter
powercrystals.minefactoryreloaded.tile.machine.TileEntityAutoEnchanter,factoryAutoEnchanter
powercrystals.minefactoryreloaded.tile.machine.TileEntityAutoJukebox,factoryAutoJukebox
powercrystals.minefactoryreloaded.tile.machine.TileEntityAutoSpawner,factoryAutoSpawner
powercrystals.minefactoryreloaded.tile.machine.TileEntityBioFuelGenerator,factoryBioFuelGenerator
powercrystals.minefactoryreloaded.tile.machine.TileEntityBioReactor,factoryBioReactor
powercrystals.minefactoryreloaded.tile.machine.TileEntityBlockBreaker,factoryBlockBreaker
powercrystals.minefactoryreloaded.tile.machine.TileEntityBlockPlacer,factoryBlockPlacer
powercrystals.minefactoryreloaded.tile.machine.TileEntityBlockSmasher,factoryBlockSmasher
powercrystals.minefactoryreloaded.tile.machine.TileEntityBreeder,factoryBreeder
powercrystals.minefactoryreloaded.tile.machine.TileEntityChronotyper,factoryChronotyper
powercrystals.minefactoryreloaded.tile.machine.TileEntityChunkLoader,factoryChunkLoader
powercrystals.minefactoryreloaded.tile.machine.TileEntityCollector,factoryItemCollector
powercrystals.minefactoryreloaded.tile.machine.TileEntityComposter,factoryComposter
powercrystals.minefactoryreloaded.tile.machine.TileEntityDeepStorageUnit,factoryDeepStorageUnit
powercrystals.minefactoryreloaded.tile.machine.TileEntityEjector,factoryEjector
powercrystals.minefactoryreloaded.tile.machine.TileEntityEnchantmentRouter,factoryEnchantmentRouter
powercrystals.minefactoryreloaded.tile.machine.TileEntityFertilizer,factoryFertilizer
powercrystals.minefactoryreloaded.tile.machine.TileEntityFisher,factoryFisher
powercrystals.minefactoryreloaded.tile.machine.TileEntityFountain,factoryFountain
powercrystals.minefactoryreloaded.tile.machine.TileEntityFruitPicker,factoryFruitPicker
powercrystals.minefactoryreloaded.tile.machine.TileEntityGrinder,factoryGrinder
powercrystals.minefactoryreloaded.tile.machine.TileEntityHarvester,factoryHarvester
powercrystals.minefactoryreloaded.tile.machine.TileEntityItemRouter,factoryItemRouter
powercrystals.minefactoryreloaded.tile.machine.TileEntityLaserDrill,factoryLaserDrill
powercrystals.minefactoryreloaded.tile.machine.TileEntityLaserDrillPrecharger,factoryLaserDrillPrecharger
powercrystals.minefactoryreloaded.tile.machine.TileEntityLavaFabricator,factoryLavaFabricator
powercrystals.minefactoryreloaded.tile.machine.TileEntityLiquiCrafter,factoryLiquiCrafter
powercrystals.minefactoryreloaded.tile.machine.TileEntityLiquidRouter,factoryLiquidRouter
powercrystals.minefactoryreloaded.tile.machine.TileEntityMeatPacker,factoryMeatPacker
powercrystals.minefactoryreloaded.tile.machine.TileEntityMobCounter,factoryMobCounter
powercrystals.minefactoryreloaded.tile.machine.TileEntityMobRouter,factoryMobRouter
powercrystals.minefactoryreloaded.tile.machine.TileEntityPlanter,factoryPlanter
powercrystals.minefactoryreloaded.tile.machine.TileEntityRancher,factoryRancher
powercrystals.minefactoryreloaded.tile.machine.TileEntityRedNote,factoryRedNote
powercrystals.minefactoryreloaded.tile.machine.TileEntitySewer,factorySewer
powercrystals.minefactoryreloaded.tile.machine.TileEntitySlaughterhouse,factorySlaughterhouse
powercrystals.minefactoryreloaded.tile.machine.TileEntitySludgeBoiler,factorySludgeBoiler
powercrystals.minefactoryreloaded.tile.machine.TileEntitySteamBoiler,factorySteamBoiler
powercrystals.minefactoryreloaded.tile.machine.TileEntitySteamTurbine,factorySteamTurbine
powercrystals.minefactoryreloaded.tile.machine.TileEntityUnifier,factoryUnifier
powercrystals.minefactoryreloaded.tile.machine.TileEntityVet,factoryVet
powercrystals.minefactoryreloaded.tile.machine.TileEntityWeather,factoryWeatherCollector
powercrystals.minefactoryreloaded.tile.rednet.TileEntityRedNetCable,factoryRedstoneCable
powercrystals.minefactoryreloaded.tile.rednet.TileEntityRedNetEnergy,factoryRedstoneCableEnergy
powercrystals.minefactoryreloaded.tile.rednet.TileEntityRedNetHistorian,factoryRednetHistorian
powercrystals.minefactoryreloaded.tile.rednet.TileEntityRedNetLogic,factoryRednetLogic
powercrystals.minefactoryreloaded.tile.tank.TileEntityTank,factoryTank
powercrystals.minefactoryreloaded.tile.transport.TileEntityConveyor,factoryConveyor
powercrystals.minefactoryreloaded.tile.transport.TileEntityPlasticPipe,factoryPlasticPipe
tconstruct.blocks.logic.DryingRackLogic,Armor.DryingRack
tconstruct.mechworks.logic.TileEntityLandmine,Landmine
tconstruct.smeltery.logic.CastingBasinLogic,CastingBasin
tconstruct.smeltery.logic.CastingChannelLogic,CastingChannel
tconstruct.smeltery.logic.CastingTableLogic,CastingTable
tconstruct.smeltery.logic.FaucetLogic,Faucet
tconstruct.smeltery.logic.LavaTankLogic,TConstruct.LavaTank
tconstruct.smeltery.logic.SmelteryDrainLogic,TConstruct.SmelteryDrain
tconstruct.smeltery.logic.SmelteryLogic,TConstruct.Smeltery
tconstruct.tools.logic.BattlesignLogic,BattlesignLogic
tconstruct.tools.logic.CraftingStationLogic,CraftingStation
tconstruct.tools.logic.FrypanLogic,FrypanLogic
tconstruct.tools.logic.FurnaceLogic,TConstruct.Furnace
tconstruct.tools.logic.PartBuilderLogic,PartCrafter
tconstruct.tools.logic.PartChestLogic,PartHolder
tconstruct.tools.logic.PatternChestLogic,PatternHolder
tconstruct.tools.logic.StencilTableLogic,PatternShaper
tconstruct.tools.logic.ToolForgeLogic,ToolForge
tconstruct.tools.logic.ToolStationLogic,ToolStation
team.chisel.block.tileentity.TileEntityAutoChisel,autoChisel
team.chisel.block.tileentity.TileEntityCarvableBeacon,tile.chisel.beacon
team.chisel.block.tileentity.TileEntityPresent,tile.chisel.present
tterrag.treesimulator.TileEngine,tileClocktwerkEngine
vazkii.botania.common.block.tile.TileAlfPortal,botania:alfheimPortal
vazkii.botania.common.block.tile.TileAltar,botania:altar
vazkii.botania.common.block.tile.TileAvatar,botania:avatar
vazkii.botania.common.block.tile.TileBifrost,botania:bifrost
vazkii.botania.common.block.tile.TileBrewery,botania:brewery
vazkii.botania.common.block.tile.TileCacophonium,botania:cacophoniumBlock
vazkii.botania.common.block.tile.TileCell,botania:cellBlock
vazkii.botania.common.block.tile.TileCocoon,botania:cocoon
vazkii.botania.common.block.tile.TileCraftCrate,botania:craftCrate
vazkii.botania.common.block.tile.TileEnchanter,botania:enchanter
vazkii.botania.common.block.tile.TileEnderEye,botania:enderEyeBlock
vazkii.botania.common.block.tile.TileFakeAir,botania:fakeAir
vazkii.botania.common.block.tile.TileFloatingFlower,botania:miniIsland
vazkii.botania.common.block.tile.TileFloatingSpecialFlower,botania:floatingSpecialFlower
vazkii.botania.common.block.tile.TileForestEye,botania:forestEye
vazkii.botania.common.block.tile.TileGaiaHead,botania:gaiaHeadBlock
vazkii.botania.common.block.tile.TileHourglass,botania:hourglass
vazkii.botania.common.block.tile.TileIncensePlate,botania:incensePlate
vazkii.botania.common.block.tile.TileLightRelay,botania:lightRelay
vazkii.botania.common.block.tile.TileManaBeacon,botania:manaBeacon
vazkii.botania.common.block.tile.TileManaFlame,botania:manaFlame
vazkii.botania.common.block.tile.TileOpenCrate,botania:openCrate
vazkii.botania.common.block.tile.TilePlatform,botania:platform
vazkii.botania.common.block.tile.TilePylon,botania:pylon
vazkii.botania.common.block.tile.TileRuneAltar,botania:runeAltar
vazkii.botania.common.block.tile.TileSparkChanger,botania:sparkChanger
vazkii.botania.common.block.tile.TileSpawnerClaw,botania:spawnerClaw
vazkii.botania.common.block.tile.TileSpecialFlower,botania:specialFlower
vazkii.botania.common.block.tile.TileStarfield,botania:starfield
vazkii.botania.common.block.tile.TileTerraPlate,botania:terraPlate
vazkii.botania.common.block.tile.TileTeruTeruBozu,botania:teruTeruBozu
vazkii.botania.common.block.tile.TileTinyPlanet,botania:tinyPlanetBlock
vazkii.botania.common.block.tile.TileTinyPotato,botania:tinyPotato
vazkii.botania.common.block.tile.corporea.TileCorporeaCrystalCube,botania:corporeaCrystalCube
vazkii.botania.common.block.tile.corporea.TileCorporeaFunnel,botania:corporeaFunnel
vazkii.botania.common.block.tile.corporea.TileCorporeaIndex,botania:corporeaIndex
vazkii.botania.common.block.tile.corporea.TileCorporeaInterceptor,botania:corporeaInterceptor
vazkii.botania.common.block.tile.corporea.TileCorporeaRetainer,botania:corporeaRetainer
vazkii.botania.common.block.tile.mana.TileBellows,botania:bellows
vazkii.botania.common.block.tile.mana.TileDistributor,botania:distributor
vazkii.botania.common.block.tile.mana.TileManaDetector,botania:manaDetector
vazkii.botania.common.block.tile.mana.TileManaVoid,botania:manaVoid
vazkii.botania.common.block.tile.mana.TilePool,botania:pool
vazkii.botania.common.block.tile.mana.TilePrism,botania:prism
vazkii.botania.common.block.tile.mana.TilePump,botania:pump
vazkii.botania.common.block.tile.mana.TileRFGenerator,botania:rfGenerator
vazkii.botania.common.block.tile.mana.TileSpreader,botania:spreader
vazkii.botania.common.block.tile.mana.TileTurntable,botania:turntable
vazkii.botania.common.block.tile.string.TileRedStringComparator,botania:redStringComparator
vazkii.botania.common.block.tile.string.TileRedStringContainer,botania:redStringContainer
vazkii.botania.common.block.tile.string.TileRedStringDispenser,botania:redStringDispenser
vazkii.botania.common.block.tile.string.TileRedStringFertilizer,botania:redStringFertilizer
vazkii.botania.common.block.tile.string.TileRedStringInterceptor,botania:redStringInterceptor
vazkii.botania.common.block.tile.string.TileRedStringRelay,botania:redStringRelay
vswe.stevescarts.TileEntities.TileEntityActivator,activator
vswe.stevescarts.TileEntities.TileEntityCargo,cargo
vswe.stevescarts.TileEntities.TileEntityCartAssembler,assembler
vswe.stevescarts.TileEntities.TileEntityDetector,detector
vswe.stevescarts.TileEntities.TileEntityDistributor,distributor
vswe.stevescarts.TileEntities.TileEntityLiquid,liquid
vswe.stevescarts.TileEntities.TileEntityUpgrade,upgrade
wanion.avaritiaddons.block.chest.compressed.TileEntityCompressedChest,Avaritiaddons:CompressedChest
wanion.avaritiaddons.block.chest.infinity.TileEntityInfinityChest,Avaritiaddons:InfinityChest
wanion.avaritiaddons.block.extremeautocrafter.TileEntityExtremeAutoCrafter,Avaritiaddons:ExtremeAutoCrafter
